Id,Name,Text,type,all_points,X,Y,RadiusX,RadiusY,Width,Height,all_transforms
637,"image_review_1","image_review_1","Rectangle","16967.41796875,13271.5810546875 30387.240234375,13271.5810546875 30387.240234375,22508.341796875 16967.41796875,22508.341796875",16967.418212890625,13271.5810546875,-1,-1,13419.82177734375,9236.76025390625,"1,0,0,0,1,0,0,0,1"