Id,Name,Text,type,all_points,X,Y,RadiusX,RadiusY,Width,Height,all_transforms
646,"undefined","","Rectangle","6160.3095703125,13155.26171875 33702.734375,13155.26171875 33702.734375,25626.591796875 6160.3095703125,25626.591796875",6160.3095703125,13155.26171875,-1,-1,27542.423828125,12471.330078125,"1,0,0,0,1,0,0,0,1"