Id,Name,Text,type,all_points,X,Y,RadiusX,RadiusY,Width,Height,all_transforms
676,"image_review_1","image_review_1","Rectangle","15858.197265625,13466.7724609375 32401.72265625,13466.7724609375 32401.72265625,28767.142578125 15858.197265625,28767.142578125",15858.197125012248,13466.772214557652,-1,-1,16543.526246997702,15300.371095489205,"1,0,0,0,1,0,0,0,1"
677,"image_review_2","image_review_2","Rectangle","34346.14453125,9259.169921875 42888.8515625,9259.169921875 42888.8515625,19523.169921875 34346.14453125,19523.169921875",34346.14553206171,9259.17016329812,-1,-1,8542.70719498147,10263.998943224007,"1,0,0,0,1,0,0,0,1"